Cities,Latitude,Longitude,Temp,Humidity,Cloudiness,Windspeed,Country,Date
pozo colorado,-23.49,-58.8,20.1,37,99,6.23,PY,1592060144
bluff,-46.6,168.33,-1.11,37,0,0.45,NZ,1592060145
komsomolskiy,40.43,71.72,31.0,37,17,2.1,UZ,1592060145
cape town,-33.93,18.42,16.11,37,75,5.1,ZA,1592060133
jodar,37.84,-3.35,28.33,37,0,3.79,ES,1592060145
tingi,-11.3,35.03,16.47,37,35,1.32,TZ,1592060573
puerto ayora,-0.74,-90.35,22.78,37,75,6.2,EC,1592060573
hithadhoo,-0.6,73.08,26.49,37,100,12.14,MV,1592060573
rubtsovsk,51.5,81.25,22.19,37,0,4.68,RU,1592060573
kodiak,57.79,-152.41,6.0,37,1,2.6,US,1592060512
svetlogorsk,52.63,29.73,17.67,37,100,6.24,BY,1592060573
apt,43.88,5.4,18.0,37,98,3.6,FR,1592060573
acarau,-2.89,-40.12,29.32,37,0,5.14,BR,1592060477
kaduna,10.52,7.44,32.72,37,17,2.43,NG,1592060574
dikson,73.51,80.55,1.66,37,100,7.49,RU,1592060574
kupang,-10.17,123.58,25.82,37,4,5.79,ID,1592060418
hilo,19.73,-155.09,22.0,37,40,3.1,US,1592060574
rikitea,-23.12,-134.97,24.36,37,100,7.61,PF,1592060574
ushuaia,-54.8,-68.3,2.0,37,75,7.7,AR,1592060401
sept-iles,50.2,-66.38,11.11,37,75,6.2,CA,1592060311
bethel,41.37,-73.41,17.78,37,1,4.6,US,1592060574
beloha,-25.17,45.05,17.89,37,52,3.59,MG,1592060574
saint-philippe,-21.36,55.77,23.0,37,75,1.5,RE,1592060574
miri,4.41,114.01,25.0,37,75,2.6,MY,1592060540
vaini,-21.2,-175.2,21.0,37,20,4.6,TO,1592060575
kaitangata,-46.28,169.85,5.0,37,0,1.46,NZ,1592060575
padang,-0.95,100.35,27.15,37,97,1.42,ID,1592060142
uyemskiy,64.47,40.85,17.0,37,12,2.0,RU,1592060575
atuona,-9.8,-139.03,27.11,37,66,10.3,PF,1592060575
albany,42.6,-73.97,16.67,37,0,0.45,US,1592060575
tual,-5.67,132.75,27.47,37,82,8.04,ID,1592060575
barrow,71.29,-156.79,2.0,37,1,2.6,US,1592060575
thompson,55.74,-97.86,15.0,37,20,3.6,CA,1592060457
tafresh,34.69,50.01,28.2,37,0,7.76,IR,1592060347
port elizabeth,-33.92,25.57,17.0,37,0,7.2,ZA,1592060400
kamina,-8.74,24.99,26.85,37,0,2.2,CD,1592060576
punta arenas,-53.15,-70.92,-1.0,37,20,3.6,CL,1592060335
bubaque,11.28,-15.83,27.77,37,75,4.65,GW,1592060576
mataura,-46.19,168.86,-1.11,37,0,0.45,NZ,1592060576
gorontalo,0.54,123.06,24.77,37,41,0.72,ID,1592060576
flinders,-34.58,150.86,16.11,37,100,0.45,AU,1592060576
jashpurnagar,22.9,84.15,27.28,37,100,2.04,IN,1592060576
kudahuvadhoo,2.67,72.89,28.72,37,100,11.15,MV,1592060576
dangriga,16.97,-88.23,27.78,37,40,2.6,BZ,1592060577
marsh harbour,26.54,-77.06,25.86,37,2,7.53,BS,1592060577
cabo san lucas,22.89,-109.91,28.33,37,40,3.55,MX,1592060475
rawson,-43.3,-65.1,5.98,37,0,6.49,AR,1592060459
severo-kurilsk,50.68,156.12,5.45,37,100,8.25,RU,1592060577
bambous virieux,-20.34,57.76,24.0,37,40,2.6,MU,1592060577
geraldton,-28.77,114.6,13.0,37,40,0.5,AU,1592060577
norman wells,65.28,-126.83,17.0,37,20,5.1,CA,1592060577
arlit,18.74,7.39,33.76,37,24,15.11,NE,1592060577
mareeba,-17.0,145.43,24.0,37,75,3.1,AU,1592060577
barcelos,41.54,-8.62,22.22,37,40,3.1,PT,1592060577
te anau,-45.42,167.72,1.48,37,0,0.49,NZ,1592060578
luderitz,-26.65,15.16,21.0,37,0,7.2,NA,1592060578
chuy,-33.7,-53.46,12.12,37,0,8.11,UY,1592060578
vila velha,-20.33,-40.29,30.0,37,0,4.1,BR,1592060578
nome,64.5,-165.41,7.0,37,1,1.55,US,1592060578
rocha,-34.48,-54.33,10.61,37,0,9.06,UY,1592060578
alibag,18.64,72.88,29.0,37,75,2.6,IN,1592060578
kidal,18.44,1.41,43.51,37,0,0.93,ML,1592060578
luga,58.74,29.85,20.72,37,1,4.8,RU,1592060578
avarua,-21.21,-159.78,22.0,37,6,2.6,CK,1592060578
peleduy,59.63,112.74,9.49,37,93,1.85,RU,1592060579
cidreira,-30.18,-50.21,16.49,37,100,5.95,BR,1592060579
shunyi,40.12,116.65,31.11,37,0,8.0,CN,1592060579
yellowknife,62.46,-114.35,14.0,37,20,6.7,CA,1592060487
georgetown,5.41,100.34,29.0,37,20,1.5,MY,1592060554
ancud,-41.87,-73.82,7.78,37,90,3.1,CL,1592060579
tiksi,71.69,128.87,3.15,37,51,1.79,RU,1592060579
palamos,41.85,3.13,23.89,37,3,0.87,ES,1592060579
bambanglipuro,-7.95,110.28,26.17,37,33,5.4,ID,1592060579
tuatapere,-46.13,167.68,-1.11,37,0,0.45,NZ,1592060579
hermanus,-34.42,19.23,15.56,37,100,5.0,ZA,1592060579
dharchula,29.85,80.53,21.76,37,44,0.9,IN,1592060579
provideniya,64.38,-173.3,6.2,37,44,1.77,RU,1592060580
kruisfontein,-34.0,24.73,13.13,37,0,2.35,ZA,1592060580
bereda,43.27,-7.54,18.89,37,94,5.36,ES,1592060580
cherskiy,68.75,161.3,14.81,37,77,0.84,RU,1592060580
leningradskiy,69.38,178.42,10.17,37,15,2.39,RU,1592060580
santa marta,11.24,-74.2,29.48,37,6,2.38,CO,1592060311
khatanga,71.97,102.5,7.33,37,55,2.39,RU,1592060580
itarema,-2.92,-39.92,29.19,37,0,5.44,BR,1592060580
sorland,67.67,12.69,12.51,37,100,5.6,NO,1592060580
mitu,1.2,-70.17,28.97,37,10,0.49,CO,1592060580
bredasdorp,-34.53,20.04,18.0,37,100,2.25,ZA,1592060581
carbonia,39.17,8.52,20.0,37,40,3.6,IT,1592060581
shihezi,44.3,86.03,25.34,37,100,7.14,CN,1592060581
lazaro cardenas,17.96,-102.2,28.34,37,99,1.37,MX,1592060581
geilo,60.53,8.21,22.22,37,9,5.36,NO,1592060581
hobart,-42.88,147.33,10.56,37,100,3.1,AU,1592060418
oroville,39.51,-121.56,16.0,37,90,6.2,US,1592060581
fortuna,40.6,-124.16,12.78,37,75,2.1,US,1592060581
saldanha,-33.01,17.94,16.0,37,100,1.0,ZA,1592060581
turukhansk,65.82,87.98,15.62,37,91,5.97,RU,1592060581
tuktoyaktuk,69.45,-133.04,9.0,37,40,4.1,CA,1592060582
longyearbyen,78.22,15.64,5.0,37,40,7.2,SJ,1592060582
daru,-9.08,143.21,26.35,37,72,6.01,PG,1592060582
arraial do cabo,-22.97,-42.03,30.0,37,1,1.0,BR,1592060405
christchurch,-43.53,172.63,0.0,37,0,1.0,NZ,1592060296
pangody,65.85,74.49,13.1,37,100,8.13,RU,1592060582
baberu,25.55,80.72,38.06,37,46,3.63,IN,1592060582
bagdarin,54.43,113.6,8.08,37,95,1.78,RU,1592060582
sale,34.04,-6.82,24.44,37,40,4.6,MA,1592060491
jamestown,42.1,-79.24,13.89,37,40,1.5,US,1592060582
kamyshlov,56.84,62.71,12.41,37,0,3.43,RU,1592060583
busselton,-33.65,115.33,12.22,37,23,4.88,AU,1592060583
talnakh,69.49,88.4,13.0,37,98,5.0,RU,1592060583
smithers,54.78,-127.17,7.0,37,75,1.08,CA,1592060388
chicama,-7.84,-79.15,20.87,37,36,3.12,PE,1592060583
bentiu,9.23,29.83,35.33,37,24,0.88,SS,1592060583
contamana,-7.33,-75.02,31.53,37,0,0.16,PE,1592060583
kapaa,22.08,-159.32,25.0,37,90,8.2,US,1592060583
san cristobal,7.77,-72.22,30.0,37,40,2.1,VE,1592060583
butaritari,3.07,172.79,27.7,37,55,5.61,KI,1592060583
kahului,20.89,-156.47,25.0,37,1,6.7,US,1592060326
nabire,-3.37,135.48,24.59,37,100,1.97,ID,1592060584
port lincoln,-34.73,135.87,13.11,37,33,6.95,AU,1592060584
new norfolk,-42.78,147.06,9.44,37,100,0.45,AU,1592060584
turbat,26.0,63.04,32.79,37,39,3.03,PK,1592060387
nakhon si thammarat,8.43,99.97,25.85,37,100,2.95,TH,1592060584
qaanaaq,77.48,-69.36,1.53,37,0,1.27,GL,1592060584
sulangan,11.14,123.72,29.6,37,100,3.64,PH,1592060584
xuddur,4.12,43.89,26.63,37,100,8.01,SO,1592060584
goderich,43.75,-81.72,15.0,37,67,4.99,CA,1592060457
marzuq,14.4,46.47,32.59,37,47,5.28,YE,1592060584
ribeira grande,38.52,-28.7,18.0,37,40,9.3,PT,1592060584
puerto escondido,15.85,-97.07,27.0,37,20,1.19,MX,1592060585
klyuchi,52.27,79.17,24.77,37,9,8.89,RU,1592060585
coari,-4.08,-63.14,30.72,37,9,1.75,BR,1592060585
port hedland,-20.32,118.57,23.0,37,90,3.1,AU,1592060585
kavieng,-2.57,150.8,28.56,37,0,5.18,PG,1592060585
castro,-24.79,-50.01,23.02,37,42,5.09,BR,1592060475
brownwood,31.71,-98.99,25.0,37,1,4.6,US,1592060585
mehamn,71.04,27.85,10.96,37,52,4.45,NO,1592060420
batagay,67.63,134.63,15.32,37,65,2.43,RU,1592060585
upernavik,72.79,-56.15,0.98,37,0,2.04,GL,1592060585
qiongshan,20.01,110.35,29.0,37,59,3.0,CN,1592060585
vanavara,60.34,102.28,10.63,37,100,1.24,RU,1592060586
tabou,4.42,-7.35,26.16,37,100,5.33,CI,1592060586
saskylakh,71.92,114.08,6.72,37,100,2.54,RU,1592060586
saint george,37.1,-113.58,25.0,37,1,4.6,US,1592060442
weyburn,49.67,-103.85,18.33,37,100,9.39,CA,1592060458
aloleng,16.13,119.78,27.85,37,98,7.77,PH,1592060586
nishihara,26.18,127.76,28.0,37,75,4.6,JP,1592060586
xining,36.62,101.77,15.28,37,90,5.11,CN,1592060586
umm kaddadah,13.6,26.69,38.88,37,4,0.94,SD,1592060586
tucuma,-0.18,-50.05,25.62,37,98,1.71,BR,1592060586
safaga,26.73,33.94,41.0,37,0,3.1,EG,1592060586
mayo,38.89,-76.51,22.22,37,1,4.6,US,1592060586
samana,19.21,-69.34,29.0,37,20,2.1,DO,1592060483
porto novo,6.5,2.6,31.0,37,40,5.7,BJ,1592060586
bumba,2.18,22.47,30.01,37,16,1.03,CD,1592060587
kathmandu,27.72,85.32,23.0,37,75,2.6,NP,1592060361
vila franca do campo,37.72,-25.43,15.0,37,75,5.7,PT,1592060587
wattegama,6.8,81.48,29.0,37,20,5.1,LK,1592060587
tiznit,29.58,-9.5,26.54,37,0,4.35,MA,1592060587
loa janan,-0.58,117.09,25.24,37,92,0.83,ID,1592060587
ilulissat,69.22,-51.1,7.0,37,20,2.1,GL,1592060587
pevek,69.7,170.31,5.52,37,100,1.43,RU,1592060587
marsa matruh,31.35,27.25,24.0,37,0,5.1,EG,1592060587
rafraf,37.19,10.18,29.0,37,40,5.7,TN,1592060587
port alfred,-33.59,26.89,15.56,37,0,0.45,ZA,1592060587
mar del plata,-38.0,-57.56,9.44,37,90,8.2,AR,1592060587
fernie,49.5,-115.07,11.0,37,90,1.0,CA,1592060460
grindavik,63.84,-22.43,9.0,37,75,5.1,IS,1592060587
carai,-17.19,-41.69,25.29,37,0,2.22,BR,1592060588
farafangana,-22.82,47.83,20.3,37,0,2.52,MG,1592060588
orocue,4.79,-71.34,23.96,37,100,1.93,CO,1592060408
meulaboh,4.14,96.13,26.3,37,100,1.71,ID,1592060588
denpasar,-8.65,115.22,28.0,37,40,5.1,ID,1592060331
colesberg,-30.72,25.1,8.45,37,0,2.82,ZA,1592060588
mozarlandia,-14.74,-50.57,30.63,37,42,2.73,BR,1592060333
santa rosa,14.31,121.11,30.0,37,75,1.5,PH,1592060314
guerrero negro,27.98,-114.06,20.09,37,0,6.4,MX,1592060588
esperance,-33.87,121.9,12.0,37,5,7.7,AU,1592060588
moose factory,51.26,-80.61,5.0,37,20,2.6,CA,1592060588
singarayakonda,15.25,80.03,31.94,37,100,3.99,IN,1592060589
hobyo,5.35,48.53,27.56,37,59,12.72,SO,1592060589
byron bay,-28.65,153.62,18.33,37,100,2.1,AU,1592060589
isangel,-19.55,169.27,23.2,37,100,8.33,VU,1592060589
kuala terengganu,5.33,103.14,29.0,37,20,2.1,MY,1592060589
ostrov,57.34,28.35,21.0,37,48,5.0,RU,1592060373
benidorm,38.54,-0.13,25.0,37,0,4.47,ES,1592060589
verin,41.94,-7.44,16.67,37,84,4.5,ES,1592060589
ponta do sol,32.67,-17.1,21.0,37,40,2.1,PT,1592060589
poum,-20.23,164.02,23.1,37,81,4.81,NC,1592060589
bonthe,7.53,-12.51,28.51,37,75,4.36,SL,1592060583
east london,-33.02,27.91,19.0,37,13,4.1,ZA,1592060589
tocopilla,-22.09,-70.2,20.14,37,51,3.22,CL,1592060589
blandiana,45.97,23.38,23.0,37,75,1.5,RO,1592060589
pirmasens,49.2,7.61,24.0,37,1,4.6,DE,1592060590
kjopsvik,68.1,16.37,23.0,37,51,7.7,NO,1592060590
rock springs,41.59,-109.2,19.0,37,1,5.7,US,1592060359
lebu,-37.62,-73.65,9.49,37,86,1.75,CL,1592060590
arcachon,44.59,-1.05,20.56,37,75,8.2,FR,1592060590
beira,-19.84,34.84,20.0,37,90,6.7,MZ,1592060471
sola,-13.88,167.55,26.57,37,100,9.13,VU,1592060590
saint anthony,45.02,-93.22,16.67,37,75,4.6,US,1592060459
las choapas,17.93,-94.08,23.0,37,75,5.1,MX,1592060590
magadan,59.57,150.8,8.31,37,0,1.63,RU,1592060590
frankfort,-27.27,28.48,8.32,37,0,1.44,ZA,1592060591
mogadishu,2.04,45.34,28.0,37,75,8.7,SO,1592060591
caravelas,-17.71,-39.25,28.15,37,0,2.55,BR,1592060591
necochea,-38.55,-58.74,6.67,37,100,8.05,AR,1592060591
solnechnyy,50.72,136.63,6.7,37,79,3.26,RU,1592060591
victoria,22.29,114.16,29.44,37,16,8.49,HK,1592060398
san pedro de macoris,18.46,-69.3,31.11,37,40,5.1,DO,1592060591
arman,59.7,150.17,10.08,37,0,0.87,RU,1592060591
waddan,29.16,16.14,38.19,37,0,3.43,LY,1592060591
salsomaggiore terme,44.81,9.98,27.0,37,40,2.6,IT,1592060594
tasiilaq,65.61,-37.64,4.0,37,75,1.5,GL,1592060584
gat,31.61,34.76,30.0,37,20,5.7,IL,1592060446
sioux lookout,50.1,-91.92,13.0,37,20,2.6,CA,1592060595
karasjok,69.47,25.51,20.0,37,36,2.6,NO,1592060595
pinega,64.7,43.39,16.14,37,84,2.27,RU,1592060595
young,-32.68,-57.63,10.79,37,0,7.54,UY,1592060595
vao,-22.67,167.48,22.5,37,99,9.58,NC,1592060595
srednekolymsk,67.45,153.68,16.06,37,89,2.43,RU,1592060595
mayor pablo lagerenza,-19.93,-60.77,25.65,37,100,1.21,PY,1592060595
clyde river,70.47,-68.59,-1.0,37,90,5.7,CA,1592060595
kondinskoye,59.65,67.41,6.98,37,76,7.75,RU,1592060595
maine-soroa,13.21,12.02,41.0,37,20,3.33,NE,1592060595
tessalit,20.2,1.01,44.25,37,32,6.2,ML,1592060595
asau,46.43,26.4,20.56,37,100,1.6,RO,1592060595
lompoc,34.64,-120.46,14.44,37,0,2.6,US,1592060420
richards bay,-28.78,32.04,16.67,37,0,2.59,ZA,1592060596
airai,-8.93,125.41,14.46,37,2,1.43,TL,1592060596
astoria,46.19,-123.83,12.22,37,75,3.1,US,1592060596
hovd,48.01,91.64,19.04,37,0,0.66,MN,1592060596
codrington,-38.27,141.97,11.55,37,100,5.95,AU,1592060596
zuenoula,7.43,-6.04,30.1,37,83,1.32,CI,1592060596
andrews,32.32,-102.55,25.0,37,1,6.2,US,1592060596
gamboula,4.12,15.14,25.42,37,79,1.31,CF,1592060596
petatlan,17.52,-101.27,26.0,37,75,1.33,MX,1592060596
port augusta,-32.5,137.77,8.33,37,0,3.1,AU,1592060597
san patricio,19.22,-104.7,28.0,37,75,0.94,MX,1592060597
thinadhoo,0.53,72.93,27.56,37,100,7.56,MV,1592060597
zarautz,43.28,-2.17,17.78,37,89,0.89,ES,1592060597
grand gaube,-20.01,57.66,22.22,37,24,1.34,MU,1592060597
banda aceh,5.56,95.32,27.48,37,98,3.65,ID,1592060597
panji,-7.73,114.1,25.02,37,65,2.53,ID,1592060597
adre,13.47,22.2,39.54,37,4,5.49,TD,1592060597
dubbo,-32.25,148.62,14.0,37,90,3.6,AU,1592060597
hami,42.8,93.45,28.46,37,99,5.07,CN,1592060597
faanui,-16.48,-151.75,26.86,37,50,4.57,PF,1592060597
uricani,45.34,23.15,21.06,37,52,1.59,RO,1592060597
igrim,63.19,64.42,10.56,37,95,5.98,RU,1592060598
garca,-22.21,-49.66,25.24,37,100,2.39,BR,1592060598
igarka,67.47,86.58,14.16,37,100,6.67,RU,1592060598
zhifang,30.35,114.32,25.0,37,96,2.0,CN,1592060598
raga,8.46,25.68,33.01,37,30,0.63,SS,1592060598
mitsamiouli,-11.38,43.28,28.0,37,20,6.2,KM,1592060598
saint-georges,12.06,-61.75,29.0,37,20,8.2,GD,1592060483
mikhaylovka,50.06,43.24,28.73,37,30,5.83,RU,1592060598
soyo,-6.13,12.37,26.0,37,75,3.6,AO,1592060598
sheltozero,61.37,35.37,14.78,37,14,3.17,RU,1592060598
touros,-5.2,-35.46,28.0,37,75,4.6,BR,1592060598
nalut,30.33,10.85,42.55,37,0,6.8,LY,1592060599
faya,18.39,42.45,29.0,37,40,7.7,SA,1592060599
kieta,-6.22,155.63,26.27,37,18,2.0,PG,1592060599
bengkulu,-3.8,102.27,26.03,37,100,4.59,ID,1592060599
nikolskoye,59.7,30.79,21.0,37,0,6.0,RU,1592060599
marsabit,2.33,37.99,22.92,37,76,4.47,KE,1592060599
arles,43.68,4.63,18.0,37,77,1.5,FR,1592060483
la ronge,55.1,-105.28,14.0,37,90,2.1,CA,1592060599
kapit,2.02,112.93,24.28,37,100,1.96,MY,1592060599
mohnesee,51.5,8.13,27.22,37,8,2.6,DE,1592060599
sayyan,15.17,44.32,20.99,37,84,1.88,YE,1592060599
san jose,37.34,-121.89,16.11,37,75,3.1,US,1592060473
chokurdakh,70.63,147.92,14.28,37,63,4.1,RU,1592060599
haapiti,-17.57,-149.87,25.0,37,25,2.6,PF,1592060599
sandwick,60.0,-1.25,13.0,37,75,3.6,GB,1592060600
bindki,26.03,80.6,38.16,37,87,4.75,IN,1592060600
sechura,-5.56,-80.82,20.15,37,88,3.93,PE,1592060600
comodoro rivadavia,-45.87,-67.5,2.0,37,11,6.2,AR,1592060481
tambacounda,13.75,-13.76,38.76,37,35,4.1,SN,1592060600
portland,45.52,-122.68,12.22,37,90,2.1,US,1592060480
rio grande,-32.03,-52.1,15.0,37,2,7.2,BR,1592060407
fukue,32.69,128.84,25.03,37,67,9.11,JP,1592060600
lavrentiya,65.58,-171.0,5.46,37,0,2.4,RU,1592060600
alofi,-19.06,-169.92,22.0,37,23,5.7,NU,1592060600
vardo,70.37,31.11,13.0,37,6,6.7,NO,1592060600
landau,49.21,8.11,27.22,37,65,2.24,DE,1592060600
carnarvon,-24.87,113.63,18.97,37,1,9.81,AU,1592060601
hualmay,-11.1,-77.61,19.5,37,52,2.8,PE,1592060601
saint-pierre,-21.34,55.48,23.0,37,75,1.5,RE,1592060601
yulara,-25.24,130.99,10.0,37,0,3.6,AU,1592060601
hasaki,35.73,140.83,19.0,37,75,1.0,JP,1592060601
veraval,20.9,70.37,30.58,37,27,5.93,IN,1592060601
venado tuerto,-33.75,-61.97,12.22,37,0,8.05,AR,1592060403
deputatskiy,69.3,139.9,11.13,37,37,0.76,RU,1592060601
tazovskiy,67.47,78.7,11.72,37,100,6.7,RU,1592060601
nanortalik,60.14,-45.24,8.27,37,94,3.95,GL,1592060601
klaksvik,62.23,-6.59,11.0,37,32,3.1,FO,1592060601
gold coast,-28.0,153.43,18.89,37,90,2.64,AU,1592060601
zalesovo,53.99,84.74,19.55,37,32,2.78,RU,1592060601
huarmey,-10.07,-78.15,20.26,37,41,3.26,PE,1592060601
awjilah,29.11,21.29,36.65,37,0,7.3,LY,1592060602
lodja,-3.48,23.43,25.52,37,100,1.23,CD,1592060602
biak,-0.91,122.88,25.31,37,73,0.85,ID,1592060602
luba,3.46,8.55,29.0,37,20,2.6,GQ,1592060602
kamiiso,41.82,140.65,15.93,37,26,2.03,JP,1592060602
bilibino,68.05,166.44,13.42,37,100,1.13,RU,1592060602
torbay,47.67,-52.73,22.22,37,75,9.3,CA,1592060602
nakamura,32.98,132.93,23.53,37,91,1.71,JP,1592060602
luganville,-15.53,167.17,25.23,37,100,5.08,VU,1592060602
lorengau,-2.02,147.27,28.0,37,78,3.87,PG,1592060602
camacha,33.08,-16.33,22.0,37,75,5.1,PT,1592060602
rabak,13.18,32.74,39.11,37,19,2.3,SD,1592060602
pisco,-13.7,-76.22,18.0,37,90,1.5,PE,1592060602
borba,-4.39,-59.59,31.49,37,28,1.47,BR,1592060603
ayagoz,47.97,80.44,16.49,37,100,4.16,KZ,1592060603
quatre cocos,-20.21,57.76,24.0,37,40,2.6,MU,1592060603
neryungri,56.67,124.65,8.47,37,85,1.06,RU,1592060603
petrolina de goias,-16.09,-49.34,27.0,37,94,4.6,BR,1592060603
ogbomosho,8.13,4.25,30.4,37,77,1.17,NG,1592060603
fare,-16.7,-151.02,27.26,37,32,3.88,PF,1592060603
naze,28.37,129.48,26.0,37,90,2.6,JP,1592060603
bose,45.46,8.01,17.22,37,100,2.24,IT,1592060603
smolenka,52.14,113.5,13.0,37,79,2.0,RU,1592060603
simao,22.79,100.97,20.89,37,100,0.98,CN,1592060603
slonim,53.09,25.32,18.84,37,100,5.94,BY,1592060603
ugra,54.78,34.33,11.42,37,100,5.7,RU,1592060603
sao joao da barra,-21.64,-41.05,29.0,37,0,3.1,BR,1592060603
hamilton,39.18,-84.53,18.89,37,75,7.2,US,1592060404
chapais,49.78,-74.85,5.0,37,90,5.7,CA,1592060604
baykit,61.67,96.37,11.12,37,100,2.05,RU,1592060604
coihaique,-45.58,-72.07,2.0,37,90,3.1,CL,1592060604
akdepe,42.06,59.38,38.0,37,94,5.1,TM,1592060604
umm bab,25.21,50.81,40.0,37,1,13.9,QA,1592060604
katsuura,35.13,140.3,20.56,37,100,2.65,JP,1592060604
olafsvik,64.89,-23.71,8.19,37,99,6.61,IS,1592060604
pathein,16.78,94.73,28.34,37,75,2.26,MM,1592060604
newport,51.59,-3.0,21.11,37,54,5.42,GB,1592060604
beringovskiy,63.05,179.32,6.14,37,1,2.14,RU,1592060604
oleksandrivka,48.96,32.23,28.12,37,20,3.72,UA,1592060605
bathsheba,13.22,-59.52,29.0,37,75,4.6,BB,1592060605
kupiskis,55.83,24.97,19.77,37,0,5.8,LT,1592060605
yumen,40.28,97.2,23.32,37,27,7.33,CN,1592060605
casino,-28.87,153.05,18.33,37,100,0.88,AU,1592060605
tilichiki,60.47,166.1,6.17,37,100,2.03,RU,1592060605
gerash,27.67,54.14,43.0,37,0,3.1,IR,1592060605
coahuayana,18.73,-103.68,24.0,37,75,1.95,MX,1592060605
maragheh,37.39,46.24,31.0,37,20,2.1,IR,1592060605
san pascual,13.8,121.03,27.78,37,100,1.19,PH,1592060605
sisimiut,66.94,-53.67,5.94,37,99,2.89,GL,1592060430
labuhan,-6.88,112.21,26.52,37,73,3.46,ID,1592060605
iaciara,-14.1,-46.63,30.68,37,38,0.87,BR,1592060605
melk,48.23,15.33,28.89,37,9,3.58,AT,1592060605
camargo,27.67,-105.17,23.73,37,21,4.39,MX,1592060605
ust-kuyga,70.02,135.6,11.52,37,91,5.64,RU,1592060606
mapiripan,2.89,-72.13,26.63,37,77,1.8,CO,1592060606
souillac,-20.52,57.52,24.0,37,40,2.6,MU,1592060606
pirai do sul,-24.53,-49.95,25.56,37,52,2.68,BR,1592060606
nicoya,10.15,-85.45,26.0,37,75,1.5,CR,1592060606
narsaq,60.92,-46.05,6.0,37,75,1.5,GL,1592060606
shimoda,34.67,138.95,17.78,37,100,3.2,JP,1592060606
laguna,38.42,-121.42,15.56,37,75,2.1,US,1592060606
santa cruz,-17.8,-63.17,23.0,37,75,1.5,BO,1592060381
mahebourg,-20.41,57.7,24.0,37,40,2.6,MU,1592060606
college,64.86,-147.8,15.0,37,75,2.1,US,1592060606
sao filipe,14.9,-24.5,24.27,37,20,1.84,CV,1592060607
mecca,21.43,39.83,39.14,37,0,4.44,SA,1592060369
masyaf,35.07,36.34,26.0,37,0,4.1,SY,1592060607
mae hong son,19.3,97.97,25.65,37,95,0.54,TH,1592060607
roald,62.58,6.13,21.67,37,0,3.6,NO,1592060607
lumby,50.25,-118.97,11.67,37,90,1.0,CA,1592060335
maniitsoq,65.42,-52.9,4.52,37,100,4.1,GL,1592060607
menomonie,44.88,-91.92,15.0,37,75,4.6,US,1592060607
qasigiannguit,68.82,-51.19,7.0,37,20,2.1,GL,1592060607
okulovka,58.4,33.29,18.36,37,10,4.39,RU,1592060607
margate,51.38,1.39,21.11,37,6,2.68,GB,1592060607
aklavik,68.22,-135.01,15.0,37,20,1.5,CA,1592060607
catio,11.28,-15.25,33.43,37,99,4.08,GW,1592060607
buraydah,26.33,43.98,39.0,37,0,3.1,SA,1592060543
puerto baquerizo moreno,-0.9,-89.6,21.0,37,75,4.6,EC,1592060608
ust-ilimsk,58.0,102.66,14.61,37,84,2.03,RU,1592060608
marawi,8.0,124.29,25.56,37,100,2.68,PH,1592060608
nueva imperial,-38.73,-72.95,6.0,37,91,1.41,CL,1592060608
auki,-8.77,160.7,25.87,37,57,1.9,SB,1592060608
griffith,41.53,-87.42,17.22,37,75,3.96,US,1592060461
yar-sale,66.83,70.83,11.63,37,76,7.08,RU,1592060563
dauphin,51.15,-100.05,16.0,37,1,5.1,CA,1592060608
bud,39.45,-86.18,21.67,37,40,3.6,US,1592060608
mwene-ditu,-7.0,23.45,29.66,37,0,1.69,CD,1592060608
skibbereen,51.55,-9.27,19.0,37,75,1.0,IE,1592060608
sarangani,5.4,125.46,28.9,37,5,7.14,PH,1592060609
adrar,20.5,-10.07,40.5,37,0,8.35,MR,1592060526
totness,5.88,-56.32,27.39,37,96,3.79,SR,1592060609
iqaluit,63.75,-68.51,4.0,37,75,2.1,CA,1592060609
panlaitan,12.12,119.85,28.83,37,100,2.58,PH,1592060609
vallenar,-28.57,-70.76,26.72,37,0,1.31,CL,1592060609
maldonado,-34.67,-54.92,11.11,37,20,13.4,UY,1592060609
ahipara,-35.17,173.17,13.12,37,57,1.81,NZ,1592060609
takoradi,4.88,-1.76,26.99,37,83,5.46,GH,1592060609
walvis bay,-22.96,14.51,22.22,37,0,2.68,NA,1592060609
empalme,27.97,-110.82,31.11,37,20,0.94,MX,1592060609
eguia,15.91,119.89,26.53,37,99,4.34,PH,1592060609
karatuzskoye,53.61,92.87,17.21,37,0,1.69,RU,1592060609
tiarei,-17.53,-149.33,25.0,37,20,2.6,PF,1592060610
taoudenni,22.68,-3.98,44.72,37,0,7.97,ML,1592060610
marovoay,-16.1,46.63,30.0,37,20,2.6,MG,1592060610
cristalina,-16.77,-47.61,24.42,37,7,2.23,BR,1592060420
nianzishan,47.52,122.88,10.56,37,100,0.45,CN,1592060610
medea,36.26,2.75,27.0,37,20,6.7,DZ,1592060610
cortez,37.35,-108.59,22.78,37,1,9.3,US,1592060610
fez,34.04,-5.0,28.0,37,40,5.7,MA,1592060610
uvira,-3.41,29.15,25.56,37,46,5.2,CD,1592060610
aksu,41.12,80.26,24.51,37,38,2.0,CN,1592060610
calvinia,-31.47,19.78,11.01,37,23,3.0,ZA,1592060610
abu samrah,35.3,37.18,28.18,37,0,9.22,SY,1592060610
hay river,60.82,-115.8,5.0,37,90,4.6,CA,1592060462
port blair,11.67,92.75,28.5,37,91,4.81,IN,1592060610
la mana,-0.93,-79.22,10.0,37,75,0.5,EC,1592060610
waipawa,-41.41,175.52,6.0,37,75,1.0,NZ,1592060611
bardiyah,31.76,25.09,23.58,37,16,8.27,LY,1592060611
miami,25.77,-80.19,31.11,37,75,4.1,US,1592060494
paris,48.85,2.35,23.33,37,71,4.6,FR,1592060313
hofn,64.25,-15.21,9.07,37,100,2.49,IS,1592060611
canutama,-6.53,-64.38,32.19,37,56,0.73,BR,1592060611
bulawayo,-20.15,28.58,12.72,37,1,4.98,ZW,1592060611
keti bandar,24.14,67.45,29.41,37,37,6.28,PK,1592060611
lyngseidet,69.58,20.22,21.0,37,92,8.2,NO,1592060611
bronnitsy,55.42,38.27,15.0,37,75,6.0,RU,1592060611
tokur,53.13,132.9,4.55,37,98,1.94,RU,1592060611
del rio,29.36,-100.9,26.0,37,1,3.1,US,1592060611
yangambi,0.81,24.43,28.78,37,71,0.63,CD,1592060611
krasnyy chikoy,50.36,108.75,10.97,37,44,1.43,RU,1592060612
beltangadi,13.98,75.3,23.04,37,100,4.71,IN,1592060612
verkhnyaya inta,65.98,60.31,7.92,37,94,5.38,RU,1592060612
fuling,29.7,107.39,25.74,37,8,1.12,CN,1592060612
nara,34.69,135.8,23.33,37,100,0.89,JP,1592060612
dortyol,36.86,36.23,23.89,37,0,1.89,TR,1592060612
tigil,57.8,158.67,10.66,37,14,2.52,RU,1592060612
vanimo,-2.67,141.3,26.32,37,99,2.13,PG,1592060612
zaranj,30.97,61.88,38.0,37,0,3.1,AF,1592060612
porbandar,21.64,69.61,30.49,37,25,5.34,IN,1592060612
atherton,53.52,-2.49,24.44,37,45,3.58,GB,1592060612
flin flon,54.77,-101.86,14.0,37,90,3.1,CA,1592060612
senden,48.32,10.04,24.0,37,25,3.1,DE,1592060612
galle,6.04,80.22,27.86,37,0,5.06,LK,1592060613
manado,1.49,124.85,25.0,37,20,1.0,ID,1592060607
maceio,-9.67,-35.74,25.0,37,75,1.5,BR,1592060613
voru,57.83,27.02,22.22,37,0,7.2,EE,1592060343
santa vitoria do palmar,-33.52,-53.37,12.14,37,0,8.01,BR,1592060613
banjar,-8.19,114.97,28.0,37,40,5.1,ID,1592060613
kanye,-24.97,25.33,11.37,37,0,2.96,BW,1592060613
minna,9.61,6.56,32.0,37,40,4.6,NG,1592060613
callaway,30.15,-85.57,27.22,37,90,5.1,US,1592060613
nuuk,64.18,-51.72,5.0,37,90,8.2,GL,1592060613
muros,42.78,-9.06,17.22,37,60,6.26,ES,1592060613
garowe,8.41,48.48,31.16,37,72,9.15,SO,1592060614
muslyumovo,55.3,53.19,14.06,37,63,3.96,RU,1592060614
guanica,17.97,-66.91,32.22,37,0,3.13,PR,1592060614
swabi,34.12,72.47,33.9,37,0,2.97,PK,1592060614
ercis,39.03,43.36,24.0,37,0,2.1,TR,1592060614
yelanskiy,56.84,62.5,12.72,37,0,2.96,RU,1592060614
jumla,29.27,82.18,16.72,37,31,0.95,NP,1592060614
rognan,67.1,15.39,24.0,37,68,3.1,NO,1592060614
huaicheng,23.91,112.19,27.32,37,93,1.92,CN,1592060614
wukari,7.85,9.78,31.98,37,98,1.19,NG,1592060614
chippewa falls,44.94,-91.39,15.0,37,75,5.7,US,1592060614
camana,-16.62,-72.71,19.84,37,94,4.55,PE,1592060615
praia da vitoria,38.73,-27.07,17.0,37,20,4.87,PT,1592060503
narang,31.91,74.52,37.0,37,20,5.1,PK,1592060615
cayenne,4.93,-52.33,30.0,37,75,1.0,GF,1592060406
hadrut,39.52,47.03,28.87,37,0,3.09,AZ,1592060615
imeni poliny osipenko,52.42,136.49,6.51,37,100,4.62,RU,1592060615
coquimbo,-29.95,-71.34,16.0,37,0,1.5,CL,1592060615
luena,-11.78,19.92,23.84,37,0,2.99,AO,1592060615
manali,13.17,80.27,32.0,37,40,4.1,IN,1592060615
hailey,43.52,-114.32,12.0,37,20,7.2,US,1592060616
fengkou,30.08,113.27,25.23,37,93,0.97,CN,1592060616
kashi,39.45,75.98,21.0,37,20,4.0,CN,1592060616
nurota,40.56,65.69,35.0,37,0,3.1,UZ,1592060616
teknaf,20.86,92.31,28.02,37,95,2.55,BD,1592060616
constitucion,-35.33,-72.42,10.86,37,58,2.65,CL,1592060544
jalu,29.03,21.55,36.69,37,0,7.29,LY,1592060616
atasu,48.68,71.64,25.05,37,1,1.85,KZ,1592060616
atambua,-9.11,124.89,21.9,37,12,2.72,ID,1592060616
pochutla,15.74,-96.47,31.11,37,40,0.92,MX,1592060617
kemijarvi,66.71,27.43,23.73,37,0,4.01,FI,1592060617
buin,-33.73,-70.75,8.0,37,1,1.0,CL,1592060342
havre-saint-pierre,50.23,-63.6,13.0,37,90,5.7,CA,1592060617
nizhniy tsasuchey,50.52,115.13,15.08,37,97,4.17,RU,1592060617
ulcinj,41.93,19.22,27.0,37,20,2.6,ME,1592060617
abulug,18.45,121.45,26.65,37,13,1.91,PH,1592060617
pervomayskoye,43.92,46.71,28.04,37,20,5.93,RU,1592060617
sorong,-0.88,131.25,26.14,37,88,1.8,ID,1592060617
pleszew,51.9,17.79,28.33,37,43,5.69,PL,1592060348
husavik,66.04,-17.34,12.0,37,40,9.3,IS,1592060457
plettenberg bay,-34.05,23.37,15.77,37,0,2.24,ZA,1592060617
soe,-9.86,124.28,17.97,37,14,2.12,ID,1592060617
spencer,43.14,-95.14,21.0,37,20,5.7,US,1592060617
tucuman,-26.82,-65.22,16.0,37,31,5.1,AR,1592060542
peniche,39.36,-9.38,20.56,37,23,7.6,PT,1592060618
zima,53.92,102.04,14.77,37,59,2.11,RU,1592060618
sambava,-14.27,50.17,23.49,37,37,8.09,MG,1592060618
makurdi,7.74,8.51,31.54,37,77,1.9,NG,1592060618
akyab,20.15,92.9,28.81,37,98,3.41,MM,1592060618
puerto morazan,12.85,-87.17,28.29,37,100,1.71,NI,1592060618
tonantins,-2.87,-67.8,30.7,37,63,1.34,BR,1592060618
vershino-darasunskiy,52.35,115.52,8.15,37,76,1.8,RU,1592060618
kurilsk,45.23,147.88,10.29,37,100,2.31,RU,1592060618
normandin,48.83,-72.53,10.0,37,75,4.6,CA,1592060618
port hardy,50.7,-127.42,9.0,37,75,1.5,CA,1592060618
roebourne,-20.78,117.13,23.32,37,0,2.12,AU,1592060618
bethal,-26.46,29.47,12.78,37,0,0.45,ZA,1592060618
itaquyry,-24.93,-55.22,19.66,37,97,1.63,PY,1592060618
redlands,34.06,-117.18,18.89,37,5,0.85,US,1592060619
samarai,-10.62,150.67,26.86,37,54,6.59,PG,1592060619
cabano,10.59,122.7,28.37,37,100,3.82,PH,1592060619
sabang,5.89,95.32,28.78,37,100,5.34,ID,1592060619
korla,41.76,86.15,26.34,37,72,3.07,CN,1592060619
shebunino,46.43,141.86,12.58,37,64,0.7,RU,1592060619
sexsmith,55.35,-118.79,13.0,37,75,3.6,CA,1592060619
beidao,34.57,105.89,15.58,37,45,0.8,CN,1592060619
betsiamites,48.94,-68.65,12.0,37,75,4.1,CA,1592060619
kuruman,-27.45,23.43,13.33,37,0,2.67,ZA,1592060404
milkovo,54.72,158.62,4.45,37,4,1.23,RU,1592060619
dwarka,22.24,68.97,30.58,37,39,6.07,IN,1592060619
smoky lake,54.12,-112.47,18.89,37,53,0.89,CA,1592060620
lata,40.16,-8.33,20.56,37,51,4.13,PT,1592060620
selty,57.31,52.13,13.9,37,97,2.33,RU,1592060620
ruiz,21.95,-105.15,22.0,37,20,0.26,MX,1592060620
mahajanga,-15.72,46.32,30.0,37,20,2.6,MG,1592060620
bayan,46.08,127.4,20.0,37,100,2.84,CN,1592060620
stulovo,58.72,50.14,14.66,37,1,2.6,RU,1592060620
duma,34.77,108.14,22.0,37,83,1.0,CN,1592060620
lingao,19.91,109.69,28.16,37,90,4.93,CN,1592060620
meiktila,20.87,95.87,30.38,37,100,6.45,MM,1592060620
sandpoint,48.28,-116.55,16.0,37,75,2.1,US,1592060390
antsohihy,-14.88,47.99,26.47,37,16,4.82,MG,1592060621
roma,43.21,-75.46,12.22,37,75,2.6,US,1592060621
cassia,-20.58,-46.92,26.96,37,0,0.65,BR,1592060621
iroquois falls,48.77,-80.68,12.0,37,20,3.6,CA,1592060621
kailua,21.4,-157.74,27.0,37,90,5.1,US,1592060565
derzhavinsk,51.1,66.32,20.82,37,28,8.92,KZ,1592060621
bandarbeyla,9.49,50.81,29.73,37,92,12.63,SO,1592060621
hailar,49.2,119.7,12.5,37,8,2.7,CN,1592060621
nacogdoches,31.6,-94.63,27.78,37,1,2.1,US,1592060621
loralai,30.37,68.6,30.65,37,0,4.96,PK,1592060621
killybegs,54.63,-8.45,16.11,37,90,2.1,IE,1592060621
verkhoyansk,67.54,133.38,14.72,37,3,2.65,RU,1592060621
pangnirtung,66.15,-65.71,3.0,37,75,5.7,CA,1592060621
morondava,-20.28,44.28,24.65,37,0,7.66,MG,1592060622
kununurra,-15.77,128.73,20.0,37,0,2.01,AU,1592060622
nemuro,43.32,145.57,13.14,37,89,3.31,JP,1592060552
nelson bay,-32.72,152.15,16.11,37,100,2.1,AU,1592060622
westport,41.14,-73.36,20.0,37,20,5.1,US,1592060622
birin,26.89,88.07,17.76,37,54,1.64,NP,1592060622
jiuquan,39.74,98.52,21.93,37,28,5.31,CN,1592060622
axim,4.87,-2.24,27.28,37,96,5.39,GH,1592060622
wamba,8.93,8.6,32.36,37,62,2.15,NG,1592060622
tomatlan,19.93,-105.25,31.49,37,1,0.62,MX,1592060622
